Employee_ID,Review_Period,Tasks_Assigned,Tasks_Completed,Tasks_Reopened,Average_Resolution_Hours,On_Time_Completion_Percentage,Customer_Rating,Quality_Score,Productivity_Score,Attendance_Percentage,Innovation_Score,Collaboration_Score,Performance_Rating,Promotion_Eligible,Training_Recommended,Last_Appraisal_Date
EMP001,2025-2026,172,142,3,32.4,82.4,4.0,75.9,79.6,92.4,95.5,71.9,Outstanding,No,Yes,2025-09-13
EMP002,2025-2026,541,493,7,9.8,95.9,3.8,81.0,80.3,97.2,68.6,75.5,Outstanding,No,No,2026-03-08
EMP003,2025-2026,181,162,12,26.7,88.8,4.39,85.8,93.0,94.0,71.3,84.9,Needs Improvement,Yes,No,2025-11-08
EMP004,2025-2026,432,400,20,38.5,87.0,3.78,89.4,92.3,87.0,64.0,89.7,Needs Improvement,No,No,2025-09-19
EMP005,2025-2026,459,454,17,23.6,88.6,4.24,84.3,79.6,88.7,68.2,96.9,Average,Yes,Yes,2026-01-04
EMP006,2025-2026,470,445,2,24.0,92.0,4.73,75.4,76.6,89.1,74.4,76.7,Needs Improvement,No,Yes,2026-01-05
EMP007,2025-2026,313,272,17,41.7,97.3,4.85,82.7,90.7,94.2,60.2,84.5,Average,Yes,Yes,2025-12-31
EMP008,2025-2026,469,443,19,37.4,95.9,4.13,82.1,84.4,92.1,93.6,92.7,Excellent,Yes,Yes,2025-12-23
EMP009,2025-2026,285,238,20,15.7,79.5,3.59,94.8,97.2,96.4,94.3,70.3,Excellent,No,Yes,2025-10-13
EMP010,2025-2026,137,133,18,34.1,83.9,4.69,73.9,72.0,93.8,63.6,74.3,Good,Yes,No,2025-10-09
EMP011,2025-2026,434,407,13,40.1,95.1,4.11,85.7,88.4,89.1,61.8,74.0,Good,Yes,Yes,2026-03-19
EMP012,2025-2026,215,195,5,19.2,95.9,4.54,89.4,63.6,96.4,70.4,94.0,Average,Yes,Yes,2025-11-04
EMP013,2025-2026,418,413,2,42.2,80.5,4.83,98.5,66.5,99.6,94.5,97.4,Average,No,No,2026-03-12
EMP014,2025-2026,409,396,9,23.0,75.4,3.53,89.4,97.4,87.9,75.9,91.3,Outstanding,Yes,No,2026-04-23
EMP015,2025-2026,204,159,7,26.8,86.2,4.57,79.4,97.8,88.4,60.7,79.9,Needs Improvement,Yes,No,2026-05-21
EMP016,2025-2026,307,262,4,43.0,94.8,4.42,88.4,79.0,92.9,80.3,86.4,Good,No,Yes,2026-06-19
EMP017,2025-2026,162,147,20,42.0,79.7,4.35,76.5,66.7,99.8,62.7,84.3,Excellent,Yes,No,2025-10-02
EMP018,2025-2026,377,329,20,13.5,86.1,3.63,90.8,79.5,88.1,85.5,80.2,Excellent,Yes,No,2025-10-03
EMP019,2025-2026,504,481,20,17.2,80.4,4.9,90.6,81.6,98.4,86.5,91.2,Needs Improvement,Yes,No,2026-04-03
EMP020,2025-2026,88,84,2,24.7,96.9,4.95,80.5,68.5,86.0,66.1,76.7,Average,No,Yes,2026-02-04
EMP021,2025-2026,80,68,9,11.6,75.5,3.85,75.5,66.1,97.2,61.4,84.6,Good,Yes,Yes,2025-09-20
EMP022,2025-2026,210,173,5,17.6,83.3,4.53,79.7,83.4,97.8,70.4,98.3,Excellent,No,No,2026-03-14
EMP023,2025-2026,276,263,13,18.8,87.3,4.3,73.5,78.6,95.1,69.2,74.9,Excellent,No,Yes,2026-05-24
EMP024,2025-2026,201,182,9,42.9,79.8,4.54,80.3,70.3,97.6,82.8,89.4,Excellent,No,Yes,2026-05-10
EMP025,2025-2026,364,316,19,6.9,96.1,4.51,71.7,91.2,96.3,62.8,95.7,Good,No,No,2025-09-26
EMP026,2025-2026,524,488,17,11.2,97.5,4.95,90.2,92.5,93.2,88.6,91.5,Outstanding,Yes,Yes,2025-10-26
EMP027,2025-2026,459,436,18,25.7,89.3,4.01,77.8,74.3,89.7,88.5,88.0,Good,Yes,Yes,2025-07-11
EMP028,2025-2026,217,211,0,34.8,86.8,3.78,93.1,73.1,99.2,72.0,76.3,Excellent,Yes,No,2026-07-01
EMP029,2025-2026,185,165,8,12.2,83.5,4.55,82.2,62.8,91.2,84.9,90.3,Outstanding,Yes,Yes,2025-09-27
EMP030,2025-2026,166,134,0,2.3,90.3,3.7,81.7,81.2,93.5,98.4,79.2,Good,Yes,No,2026-04-01
EMP031,2025-2026,313,270,1,27.0,90.4,4.81,84.8,88.0,98.6,62.3,68.2,Needs Improvement,No,Yes,2026-01-21
EMP032,2025-2026,124,81,8,30.2,95.6,3.69,94.4,99.8,86.7,61.1,75.6,Good,No,No,2026-02-11
EMP033,2025-2026,365,326,4,42.8,85.5,4.09,78.7,63.3,88.5,62.8,69.5,Needs Improvement,No,Yes,2026-01-17
EMP034,2025-2026,360,336,1,2.7,83.4,4.89,93.4,90.3,94.6,63.1,79.8,Outstanding,No,Yes,2026-05-07
EMP035,2025-2026,405,397,1,16.5,98.4,3.57,79.0,76.9,87.8,78.9,86.6,Excellent,Yes,Yes,2026-02-13
EMP036,2025-2026,342,314,11,47.4,88.1,3.92,91.0,67.1,90.7,74.5,87.7,Needs Improvement,No,No,2025-10-27
EMP037,2025-2026,239,229,15,40.8,95.5,4.14,81.7,65.8,85.3,85.0,82.4,Good,No,Yes,2025-08-20
EMP038,2025-2026,136,109,9,34.5,77.2,3.51,93.5,63.5,88.7,75.0,77.7,Needs Improvement,No,Yes,2025-12-30
EMP039,2025-2026,257,219,5,17.9,89.7,3.85,72.8,65.1,95.1,91.1,70.9,Excellent,Yes,No,2026-06-11
EMP040,2025-2026,94,71,13,28.2,78.9,3.92,73.8,79.5,88.2,94.2,74.0,Average,Yes,No,2025-08-31
EMP041,2025-2026,502,468,8,29.4,88.0,4.45,71.7,63.1,95.4,96.3,92.1,Average,No,No,2026-03-16
EMP042,2025-2026,312,278,5,43.0,76.0,4.24,90.0,89.8,92.7,66.9,84.6,Excellent,No,No,2026-02-24
EMP043,2025-2026,423,409,17,4.1,92.9,4.21,75.7,65.7,99.6,63.7,92.0,Excellent,Yes,Yes,2025-09-05
EMP044,2025-2026,220,220,7,40.2,98.2,4.75,88.7,97.5,96.5,98.8,70.3,Good,No,Yes,2025-09-22
EMP045,2025-2026,83,50,12,21.5,95.2,4.76,76.1,74.3,93.8,95.4,80.2,Excellent,No,No,2026-03-17
EMP046,2025-2026,304,269,13,14.8,91.6,3.88,73.6,61.4,85.6,75.1,82.8,Needs Improvement,Yes,No,2025-12-15
EMP047,2025-2026,179,130,3,6.8,90.3,4.45,100.0,64.7,97.9,99.1,80.9,Outstanding,Yes,No,2025-12-04
EMP048,2025-2026,94,53,19,21.5,96.1,4.16,86.4,91.5,93.6,74.9,91.2,Needs Improvement,No,Yes,2025-12-31
EMP049,2025-2026,173,127,16,26.7,97.2,4.03,83.7,76.4,95.8,88.9,88.7,Excellent,Yes,Yes,2025-08-15
EMP050,2025-2026,314,314,10,44.3,78.1,4.16,73.7,67.2,94.1,71.9,91.2,Average,Yes,No,2026-03-23
EMP051,2025-2026,309,285,1,34.0,75.5,3.67,91.6,69.6,95.5,82.5,69.8,Average,No,No,2026-02-09
EMP052,2025-2026,138,114,12,26.8,79.6,4.26,82.2,93.3,86.3,75.0,82.8,Outstanding,Yes,Yes,2026-01-20
EMP053,2025-2026,173,167,16,4.7,99.9,3.72,83.0,78.6,90.1,97.7,66.3,Excellent,Yes,No,2025-11-10
EMP054,2025-2026,105,89,15,18.5,83.5,3.7,79.4,83.8,98.0,84.3,75.8,Average,No,Yes,2026-05-02
EMP055,2025-2026,86,84,17,41.0,94.7,3.58,76.3,85.0,90.2,66.2,66.7,Excellent,Yes,No,2026-05-06
EMP056,2025-2026,302,287,0,42.1,99.6,4.08,77.7,69.3,90.8,99.2,95.8,Outstanding,Yes,No,2026-01-24
EMP057,2025-2026,429,385,20,7.9,95.7,3.55,84.5,72.3,98.1,76.4,96.7,Needs Improvement,No,No,2025-08-10
EMP058,2025-2026,486,442,17,10.4,95.9,4.82,72.8,80.7,91.9,94.5,83.6,Outstanding,No,Yes,2025-09-01
EMP059,2025-2026,426,406,14,48.0,82.6,3.71,84.4,84.2,94.7,70.8,90.1,Good,No,No,2025-09-02
EMP060,2025-2026,464,430,6,9.0,96.3,4.72,80.4,99.8,88.2,79.8,88.3,Good,Yes,No,2025-08-06
EMP061,2025-2026,444,439,2,34.9,92.0,4.15,83.8,98.5,88.0,95.0,86.1,Needs Improvement,Yes,No,2026-03-03
EMP062,2025-2026,209,198,13,6.5,90.3,4.0,81.9,85.2,97.2,68.1,75.4,Good,No,Yes,2026-01-23
EMP063,2025-2026,381,345,1,25.4,91.9,4.14,93.6,85.9,95.0,63.7,95.3,Outstanding,No,Yes,2025-09-21
EMP064,2025-2026,142,99,3,34.1,99.2,4.14,90.7,80.7,97.8,84.7,93.3,Outstanding,No,Yes,2026-06-07
EMP065,2025-2026,350,300,19,29.2,78.3,3.83,72.7,99.4,91.9,64.4,99.0,Excellent,No,Yes,2026-02-24
EMP066,2025-2026,68,60,17,38.9,98.5,4.82,90.0,81.6,100.0,90.4,75.2,Average,No,No,2026-04-24
EMP067,2025-2026,242,204,13,29.8,82.5,4.65,97.0,84.3,90.4,96.2,70.4,Good,No,No,2026-05-04
EMP068,2025-2026,367,324,2,9.3,83.4,4.21,79.7,61.5,93.7,97.4,89.9,Outstanding,Yes,Yes,2026-03-15
EMP069,2025-2026,395,352,19,15.6,95.6,3.53,89.9,72.3,94.0,85.0,80.6,Needs Improvement,Yes,No,2026-01-17
EMP070,2025-2026,109,107,13,3.1,92.2,4.64,76.3,92.3,97.2,77.4,78.1,Good,No,Yes,2026-07-04
EMP071,2025-2026,276,238,14,24.2,78.6,4.16,77.9,85.9,98.9,64.4,68.0,Good,No,No,2025-08-26
EMP072,2025-2026,207,198,6,39.4,77.1,3.55,73.3,98.1,85.2,76.5,66.2,Good,No,Yes,2026-03-18
EMP073,2025-2026,516,480,13,15.1,79.1,3.5,71.1,70.3,95.6,62.2,80.0,Excellent,No,No,2026-05-28
EMP074,2025-2026,264,229,14,4.1,80.3,3.57,76.1,81.5,90.6,84.9,75.8,Average,Yes,No,2025-12-31
EMP075,2025-2026,278,246,0,15.0,76.9,4.26,85.4,88.0,90.2,71.6,76.9,Average,Yes,No,2026-05-04
EMP076,2025-2026,436,400,1,8.6,92.2,4.26,92.0,78.2,90.1,63.1,93.6,Good,No,No,2025-09-13
EMP077,2025-2026,237,190,14,40.0,92.6,3.93,82.6,66.9,88.2,99.3,84.9,Good,Yes,Yes,2025-12-08
EMP078,2025-2026,73,56,7,24.1,82.5,4.72,82.1,97.1,94.5,93.4,96.0,Needs Improvement,Yes,Yes,2025-10-16
EMP079,2025-2026,258,249,18,34.8,92.8,4.48,71.3,65.8,85.5,69.3,81.3,Average,Yes,Yes,2025-12-01
EMP080,2025-2026,395,362,3,14.3,94.3,4.03,72.2,70.1,95.9,83.5,96.4,Average,No,Yes,2026-03-22
EMP081,2025-2026,95,73,6,12.9,90.1,4.63,71.4,84.4,92.1,83.8,66.6,Average,Yes,No,2025-08-30
EMP082,2025-2026,515,470,10,37.3,92.3,4.99,87.2,69.9,92.8,87.8,87.4,Outstanding,No,Yes,2025-11-09
EMP083,2025-2026,206,162,19,31.0,91.1,4.49,71.8,66.3,99.1,66.1,89.3,Needs Improvement,Yes,No,2026-05-14
EMP084,2025-2026,334,298,5,14.0,92.3,3.54,94.0,80.9,89.6,60.9,67.2,Needs Improvement,No,Yes,2025-10-27
EMP085,2025-2026,234,225,11,18.3,84.4,4.92,98.0,94.4,94.1,83.5,78.5,Outstanding,No,No,2025-08-24
EMP086,2025-2026,265,244,5,7.4,83.5,3.79,83.2,67.9,97.0,93.7,87.8,Average,Yes,No,2026-07-07
EMP087,2025-2026,159,127,1,15.0,90.4,4.21,92.3,73.4,87.8,76.9,99.1,Outstanding,No,Yes,2026-01-23
EMP088,2025-2026,402,359,19,44.1,77.3,4.19,94.6,90.5,87.0,71.2,99.3,Excellent,Yes,Yes,2025-07-15
EMP089,2025-2026,251,208,9,41.4,87.7,4.07,86.4,76.6,85.4,72.9,92.9,Outstanding,No,No,2026-02-03
EMP090,2025-2026,354,315,14,26.0,90.0,4.95,81.9,64.6,97.3,65.1,90.2,Needs Improvement,Yes,No,2025-08-31
EMP091,2025-2026,316,303,1,29.1,93.5,4.82,95.9,72.9,96.4,65.9,82.5,Needs Improvement,Yes,No,2025-09-06
EMP092,2025-2026,241,233,15,4.4,81.2,3.81,76.1,81.6,98.9,93.4,97.4,Outstanding,No,Yes,2026-04-05
EMP093,2025-2026,422,410,19,32.6,82.0,5.0,86.5,96.3,88.5,60.5,67.9,Outstanding,No,Yes,2026-03-04
EMP094,2025-2026,302,288,1,2.0,82.1,4.05,99.7,74.0,95.8,95.6,83.2,Needs Improvement,No,No,2025-12-12
EMP095,2025-2026,413,384,20,41.1,99.6,4.74,83.3,76.6,94.7,77.3,77.8,Excellent,No,No,2026-01-13
EMP096,2025-2026,153,139,8,45.8,92.4,4.6,72.3,89.9,98.6,65.6,87.9,Good,Yes,No,2026-01-29
EMP097,2025-2026,306,288,16,20.5,89.5,3.54,82.0,95.3,86.0,65.7,80.7,Good,Yes,No,2025-12-23
EMP098,2025-2026,331,331,2,34.8,99.1,4.56,74.4,75.2,97.7,89.8,78.3,Outstanding,Yes,No,2025-08-15
EMP099,2025-2026,223,187,14,8.5,95.6,3.83,80.5,79.4,98.6,72.9,79.2,Good,Yes,Yes,2026-04-16
EMP100,2025-2026,532,497,7,47.6,98.4,4.86,91.8,98.7,99.5,71.9,87.1,Needs Improvement,No,No,2026-04-16
EMP101,2025-2026,264,218,9,11.4,83.6,3.54,81.9,86.3,96.8,80.7,81.9,Average,No,Yes,2025-12-10
EMP102,2025-2026,179,165,18,28.3,77.3,4.63,74.2,67.2,90.3,80.1,68.5,Outstanding,Yes,Yes,2025-12-03
EMP103,2025-2026,141,114,4,39.8,90.5,4.39,95.0,88.0,85.2,73.0,72.8,Good,No,No,2026-02-17
EMP104,2025-2026,437,404,18,35.1,87.5,4.52,79.7,61.7,87.6,75.4,73.3,Average,No,Yes,2025-12-28
EMP105,2025-2026,160,160,2,5.6,89.9,4.74,76.1,82.4,96.3,68.6,66.1,Average,Yes,No,2025-12-08
EMP106,2025-2026,523,484,3,5.3,83.7,3.76,89.1,88.9,87.4,94.0,92.3,Excellent,No,No,2026-05-25
EMP107,2025-2026,474,457,9,17.2,95.0,4.04,90.7,99.5,90.9,74.9,75.0,Average,Yes,Yes,2026-06-05
EMP108,2025-2026,73,71,18,29.8,92.2,3.75,83.2,79.2,86.0,90.5,79.4,Excellent,No,Yes,2025-09-02
EMP109,2025-2026,172,156,8,18.4,82.9,4.93,70.9,63.3,88.8,74.1,70.4,Average,Yes,No,2025-09-10
EMP110,2025-2026,169,150,4,27.7,96.8,4.15,97.9,93.8,88.9,62.2,87.8,Excellent,Yes,No,2026-04-22
EMP111,2025-2026,271,232,17,39.3,95.6,4.62,73.8,90.4,88.8,76.1,90.1,Good,Yes,No,2026-06-24
EMP112,2025-2026,304,276,18,29.2,83.4,3.86,79.3,91.4,94.5,90.3,77.9,Average,Yes,No,2026-04-02
EMP113,2025-2026,406,405,10,7.5,83.6,4.59,93.8,69.8,85.9,72.6,96.3,Needs Improvement,No,Yes,2025-10-25
EMP114,2025-2026,270,262,11,21.9,92.8,4.02,75.6,64.1,99.8,92.1,79.7,Needs Improvement,No,Yes,2025-07-30
EMP115,2025-2026,181,173,12,22.2,78.6,4.65,70.3,64.6,97.2,82.5,67.9,Needs Improvement,Yes,No,2026-05-07
EMP116,2025-2026,177,144,11,36.6,86.9,3.92,87.3,75.5,94.2,94.2,84.2,Needs Improvement,No,No,2026-06-14
EMP117,2025-2026,342,306,12,14.2,81.0,4.53,74.0,88.3,99.1,85.7,78.0,Average,No,No,2026-04-12
EMP118,2025-2026,465,441,3,47.9,85.5,3.76,99.8,81.7,98.5,99.1,69.1,Average,No,No,2026-04-04
EMP119,2025-2026,131,82,7,46.1,84.0,4.93,79.3,64.3,93.9,97.3,72.7,Needs Improvement,Yes,Yes,2026-06-30
EMP120,2025-2026,185,142,14,4.6,84.2,4.75,84.7,95.1,96.8,99.7,82.9,Excellent,No,Yes,2026-01-16
EMP121,2025-2026,417,379,3,7.9,81.4,3.96,78.2,92.8,88.1,65.2,88.9,Average,No,No,2026-06-14
EMP122,2025-2026,192,181,5,41.3,76.1,4.11,98.2,75.4,93.4,80.7,80.7,Excellent,No,No,2025-10-12
EMP123,2025-2026,365,318,14,21.8,98.9,4.38,84.2,71.2,96.1,94.9,99.5,Needs Improvement,Yes,Yes,2025-08-05
EMP124,2025-2026,139,131,20,32.5,83.9,4.37,95.3,89.7,98.0,71.9,82.4,Needs Improvement,Yes,Yes,2026-05-12
EMP125,2025-2026,431,418,16,8.0,95.1,4.2,98.9,67.2,94.7,63.3,82.2,Good,Yes,Yes,2026-03-21
EMP126,2025-2026,160,110,12,44.0,76.2,3.88,90.3,89.8,96.0,84.0,80.2,Average,Yes,Yes,2026-04-26
EMP127,2025-2026,398,364,9,38.9,89.9,4.21,91.5,65.6,92.5,73.2,79.7,Good,No,Yes,2025-08-25
EMP128,2025-2026,148,141,10,11.3,93.3,4.33,78.8,77.4,91.6,70.5,78.1,Good,No,No,2025-10-26
EMP129,2025-2026,117,92,16,32.9,89.2,4.96,97.3,67.7,85.0,77.8,80.4,Needs Improvement,Yes,No,2026-02-08
EMP130,2025-2026,81,69,9,31.1,80.5,3.92,83.7,80.8,89.3,83.9,85.6,Average,No,Yes,2025-08-01
EMP131,2025-2026,152,146,2,20.1,83.8,3.92,82.4,73.9,95.4,60.1,74.8,Excellent,No,No,2025-11-06
EMP132,2025-2026,191,156,18,24.0,96.0,3.78,84.6,93.5,85.3,61.8,76.2,Excellent,Yes,Yes,2026-02-14
EMP133,2025-2026,422,395,16,12.1,88.9,4.17,97.4,90.3,92.0,66.6,70.3,Needs Improvement,No,Yes,2026-06-16
EMP134,2025-2026,117,85,15,41.3,83.4,4.78,85.7,94.8,98.2,95.9,67.6,Excellent,Yes,Yes,2026-03-29
EMP135,2025-2026,91,91,10,14.7,87.3,4.77,81.5,86.4,94.1,61.5,72.8,Excellent,No,Yes,2025-12-01
EMP136,2025-2026,405,386,8,15.6,75.4,3.92,74.9,64.5,90.5,77.9,82.5,Needs Improvement,No,Yes,2025-12-05
EMP137,2025-2026,210,190,8,47.6,79.7,4.55,85.7,80.2,89.6,87.4,88.2,Needs Improvement,No,No,2026-01-12
EMP138,2025-2026,194,150,11,16.9,98.2,4.57,83.8,68.5,90.7,79.8,88.4,Good,No,No,2026-04-06
EMP139,2025-2026,459,426,14,30.7,75.0,4.78,81.7,73.4,95.3,71.6,96.7,Average,No,Yes,2026-07-08
EMP140,2025-2026,480,431,12,5.2,91.2,4.93,97.4,72.2,97.7,65.9,90.6,Needs Improvement,Yes,Yes,2025-07-13
EMP141,2025-2026,286,280,2,26.9,89.3,3.87,86.0,97.7,93.5,99.5,65.1,Needs Improvement,Yes,No,2026-06-12
EMP142,2025-2026,501,467,17,18.9,87.0,4.56,76.5,76.7,96.6,94.4,93.9,Needs Improvement,No,No,2026-04-28
EMP143,2025-2026,149,148,13,36.4,85.4,3.85,74.1,64.9,91.1,77.5,94.1,Outstanding,Yes,Yes,2025-07-25
EMP144,2025-2026,137,88,20,43.8,83.5,4.53,92.4,91.8,95.0,73.5,97.4,Outstanding,Yes,No,2025-10-10
EMP145,2025-2026,304,266,7,42.6,92.0,4.51,83.0,96.4,97.4,71.4,91.1,Excellent,No,No,2025-10-17
EMP146,2025-2026,138,94,11,33.2,81.6,4.01,80.9,62.3,95.0,64.1,95.9,Average,Yes,No,2025-09-25
EMP147,2025-2026,473,445,12,46.1,92.8,4.3,75.1,66.6,90.4,71.1,91.0,Outstanding,Yes,No,2025-09-06
EMP148,2025-2026,199,163,12,14.5,78.3,4.3,98.8,77.5,98.8,80.7,78.1,Average,No,Yes,2025-08-27
EMP149,2025-2026,460,437,3,32.6,75.1,3.5,94.4,74.3,99.6,74.2,69.5,Average,Yes,Yes,2026-03-13
EMP150,2025-2026,205,200,10,30.8,92.7,3.86,96.5,97.3,95.0,70.0,65.0,Outstanding,Yes,Yes,2025-12-16
EMP151,2025-2026,528,493,8,5.1,95.8,3.66,80.7,99.4,94.4,75.8,73.5,Average,Yes,No,2025-08-17
EMP152,2025-2026,370,329,3,8.5,87.4,3.79,82.6,60.1,90.6,74.1,99.0,Outstanding,No,Yes,2026-05-13
EMP153,2025-2026,227,202,4,27.4,75.5,4.96,78.1,67.1,90.0,63.9,98.6,Excellent,No,No,2026-05-10
EMP154,2025-2026,257,252,2,39.0,97.7,4.97,77.8,69.6,93.7,84.6,74.1,Excellent,Yes,No,2025-10-12
EMP155,2025-2026,366,330,3,35.5,98.1,4.52,91.0,97.7,86.8,62.9,81.1,Good,No,No,2026-05-08
EMP156,2025-2026,175,175,7,43.2,96.3,3.54,79.3,74.4,92.8,93.6,83.0,Outstanding,Yes,No,2026-04-18
EMP157,2025-2026,271,246,6,11.2,78.1,4.01,98.8,68.3,88.8,80.2,83.5,Good,Yes,Yes,2026-01-19
EMP158,2025-2026,129,79,5,19.1,83.7,3.8,82.8,74.3,96.7,80.6,72.3,Average,No,No,2025-08-10
EMP159,2025-2026,413,413,1,25.3,97.0,4.85,91.5,79.2,89.8,85.0,80.6,Good,No,Yes,2026-03-25
EMP160,2025-2026,133,115,16,6.2,90.8,4.85,73.1,80.2,93.1,62.6,91.6,Excellent,Yes,Yes,2026-05-25
EMP161,2025-2026,495,478,15,15.1,78.7,3.7,81.4,83.9,96.9,97.3,75.2,Excellent,No,Yes,2026-05-29
EMP162,2025-2026,264,232,17,9.7,95.1,4.78,71.0,97.9,99.0,79.3,84.6,Good,Yes,Yes,2026-06-21
EMP163,2025-2026,533,496,8,4.0,78.3,4.26,95.3,64.1,88.4,97.4,72.9,Needs Improvement,Yes,No,2025-09-06
EMP164,2025-2026,363,344,9,4.1,97.1,4.79,82.8,82.2,95.6,60.8,69.2,Good,No,Yes,2026-07-01
EMP165,2025-2026,146,135,4,31.3,94.7,3.98,95.3,75.1,95.0,98.6,81.7,Excellent,No,Yes,2025-08-12
EMP166,2025-2026,281,267,12,22.1,90.7,4.11,97.9,71.4,93.7,75.0,98.5,Average,No,No,2025-11-19
EMP167,2025-2026,488,483,14,36.5,93.8,4.73,95.3,80.2,92.4,64.1,67.2,Good,No,Yes,2026-01-22
EMP168,2025-2026,117,100,16,41.6,97.8,4.75,82.2,91.1,90.6,86.8,72.4,Outstanding,No,Yes,2026-02-27
EMP169,2025-2026,434,402,8,18.1,93.0,4.06,85.4,61.2,88.2,82.1,83.1,Good,Yes,No,2026-01-18
EMP170,2025-2026,480,475,3,16.2,81.2,3.82,96.2,84.0,97.0,65.1,65.5,Outstanding,Yes,No,2026-06-05
EMP171,2025-2026,526,500,0,21.0,94.3,4.88,77.6,64.1,90.5,64.8,84.4,Outstanding,No,Yes,2026-04-18
EMP172,2025-2026,250,205,15,18.9,87.8,4.18,71.0,72.1,88.0,88.3,73.9,Outstanding,No,Yes,2026-05-19
EMP173,2025-2026,404,403,0,29.3,89.6,4.53,86.1,78.0,88.6,97.9,66.3,Outstanding,No,Yes,2026-03-13
EMP174,2025-2026,129,81,9,31.7,90.1,4.92,73.5,80.4,90.0,80.0,83.0,Good,No,No,2025-12-22
EMP175,2025-2026,305,266,12,23.1,81.5,3.75,83.9,90.1,90.1,93.4,91.1,Excellent,No,Yes,2025-07-16
EMP176,2025-2026,98,84,15,9.4,88.7,4.36,76.5,75.7,97.7,61.4,82.6,Outstanding,No,Yes,2026-03-02
EMP177,2025-2026,241,196,6,21.9,81.9,4.7,99.5,61.3,99.7,63.4,95.0,Outstanding,No,Yes,2026-06-16
EMP178,2025-2026,120,107,5,4.7,77.1,3.79,84.8,70.7,93.3,61.5,85.5,Average,No,Yes,2025-09-16
EMP179,2025-2026,400,368,6,11.3,87.4,4.11,71.8,63.5,85.1,75.1,96.2,Average,No,No,2026-07-08
EMP180,2025-2026,79,59,9,18.2,97.2,4.19,82.3,70.7,88.4,72.8,82.9,Good,No,Yes,2025-07-15
EMP181,2025-2026,448,425,13,18.2,79.3,4.23,80.1,91.4,89.8,62.6,96.0,Needs Improvement,No,Yes,2025-12-01
EMP182,2025-2026,246,214,0,14.7,77.2,4.91,74.8,78.2,85.3,86.7,78.3,Needs Improvement,No,No,2026-04-09
EMP183,2025-2026,136,112,3,12.9,82.6,4.94,72.1,77.1,92.8,66.0,65.6,Good,No,Yes,2026-03-27
EMP184,2025-2026,448,429,8,10.3,88.0,4.84,80.0,82.6,85.7,80.5,91.1,Outstanding,No,Yes,2026-02-05
EMP185,2025-2026,364,363,20,8.8,82.9,4.11,83.7,61.5,89.4,70.0,71.5,Average,No,No,2025-10-19
EMP186,2025-2026,340,310,17,13.9,93.6,3.86,74.0,90.5,90.8,77.8,65.8,Good,No,Yes,2025-10-07
EMP187,2025-2026,121,72,18,9.2,86.5,4.67,91.1,72.7,85.8,74.5,89.5,Excellent,No,Yes,2025-08-29
EMP188,2025-2026,519,496,5,2.3,96.6,3.84,87.3,80.8,88.1,79.1,96.0,Average,Yes,No,2026-03-02
EMP189,2025-2026,491,444,3,32.6,76.7,4.54,92.3,80.9,99.5,80.4,76.8,Excellent,Yes,Yes,2025-07-15
EMP190,2025-2026,206,163,17,28.4,95.2,4.66,83.8,73.1,93.3,80.3,74.6,Average,No,No,2025-08-25
EMP191,2025-2026,327,284,16,16.9,98.8,4.62,80.9,96.7,94.7,75.8,94.4,Good,Yes,No,2026-03-28
EMP192,2025-2026,484,484,3,24.4,77.3,4.32,81.0,87.5,87.6,63.8,80.6,Needs Improvement,No,No,2025-12-19
EMP193,2025-2026,100,55,1,7.1,83.3,3.73,90.0,62.0,85.1,80.2,97.4,Outstanding,No,Yes,2025-07-15
EMP194,2025-2026,402,360,8,12.4,94.9,4.93,93.8,88.8,94.8,74.1,67.0,Excellent,No,No,2025-12-11
EMP195,2025-2026,165,132,8,36.6,81.1,4.39,91.0,83.2,88.3,75.5,79.2,Outstanding,No,No,2026-06-12
EMP196,2025-2026,111,93,12,3.5,82.6,4.96,74.4,86.6,98.4,72.7,95.5,Average,No,Yes,2026-01-12
EMP197,2025-2026,365,329,18,40.1,86.6,4.27,84.0,61.6,86.4,98.1,74.3,Outstanding,Yes,No,2025-10-15
EMP198,2025-2026,161,139,9,18.6,99.5,4.28,91.1,82.2,89.6,93.8,82.6,Good,No,Yes,2025-08-28
EMP199,2025-2026,406,362,20,33.5,86.1,4.0,82.3,69.6,85.0,98.9,84.8,Average,No,Yes,2026-01-07
EMP200,2025-2026,415,383,14,11.2,85.7,4.45,79.2,89.3,85.2,90.6,96.2,Needs Improvement,No,No,2025-10-05
EMP201,2025-2026,358,330,0,31.2,76.8,4.63,90.5,85.4,89.8,61.8,89.0,Outstanding,Yes,Yes,2025-10-17
EMP202,2025-2026,346,331,14,18.1,82.2,4.81,70.1,70.7,87.2,69.0,96.2,Outstanding,Yes,No,2025-07-31
EMP203,2025-2026,454,416,20,24.7,95.2,3.77,71.9,81.0,86.1,70.2,79.7,Needs Improvement,No,No,2026-02-15
EMP204,2025-2026,368,327,10,29.8,89.7,3.81,77.8,61.2,94.0,85.9,95.6,Excellent,No,No,2026-04-25
EMP205,2025-2026,230,205,14,31.7,75.8,4.24,92.9,79.8,98.4,65.2,92.0,Excellent,Yes,No,2026-01-10
EMP206,2025-2026,524,496,20,18.3,80.2,4.99,99.5,79.5,89.2,99.7,88.9,Needs Improvement,Yes,Yes,2026-02-18
EMP207,2025-2026,260,225,1,15.6,84.8,4.59,90.0,94.3,85.5,67.8,72.7,Excellent,Yes,Yes,2025-10-23
EMP208,2025-2026,104,79,20,19.3,86.4,4.23,77.4,91.2,85.8,98.2,75.3,Needs Improvement,Yes,No,2026-07-07
EMP209,2025-2026,222,175,9,14.7,83.1,3.87,81.2,83.5,99.3,64.0,67.9,Average,Yes,Yes,2025-10-21
EMP210,2025-2026,361,323,14,5.8,79.1,3.6,79.8,68.0,89.0,68.3,95.9,Outstanding,No,No,2026-06-09
EMP211,2025-2026,187,139,9,44.2,81.9,3.71,83.7,71.3,91.1,63.8,96.6,Outstanding,No,No,2025-07-14
EMP212,2025-2026,315,276,16,24.9,82.1,4.61,86.3,75.5,88.7,79.4,99.0,Needs Improvement,Yes,No,2026-03-07
EMP213,2025-2026,284,280,0,24.2,94.6,4.38,79.3,84.7,89.5,74.4,87.8,Average,No,Yes,2026-05-23
EMP214,2025-2026,428,397,4,36.4,78.7,3.75,88.5,90.9,96.2,94.9,92.9,Excellent,No,No,2026-02-02
EMP215,2025-2026,387,379,18,25.9,81.1,3.99,95.4,77.6,99.2,74.5,94.8,Good,No,Yes,2025-09-26
EMP216,2025-2026,442,402,19,30.7,94.6,4.38,94.6,79.7,99.5,68.0,95.6,Average,No,No,2025-09-08
EMP217,2025-2026,495,487,15,31.9,79.6,4.07,92.6,80.8,90.4,76.0,93.7,Needs Improvement,No,Yes,2026-07-05
EMP218,2025-2026,430,415,10,38.2,75.8,3.61,90.2,72.9,96.0,89.5,86.3,Outstanding,Yes,Yes,2026-07-07
EMP219,2025-2026,216,215,20,35.7,75.7,3.69,80.2,75.9,90.6,65.8,73.8,Outstanding,No,No,2025-10-03
EMP220,2025-2026,367,362,4,3.0,98.8,4.84,96.2,61.0,97.1,79.4,95.0,Average,Yes,No,2025-12-06
EMP221,2025-2026,128,104,9,22.6,96.5,4.39,91.9,83.9,97.6,75.2,71.8,Good,Yes,Yes,2026-05-08
EMP222,2025-2026,152,122,7,28.3,98.2,3.55,82.5,95.3,97.4,75.7,72.1,Needs Improvement,Yes,No,2026-05-22
EMP223,2025-2026,312,267,9,23.3,81.7,4.91,93.0,82.6,89.1,66.3,65.8,Outstanding,No,Yes,2025-07-19
EMP224,2025-2026,147,118,11,40.8,97.5,4.53,98.1,69.3,94.9,99.0,71.4,Average,Yes,Yes,2026-01-24
EMP225,2025-2026,459,431,1,4.7,83.8,4.9,81.0,78.0,98.6,80.2,65.5,Needs Improvement,Yes,Yes,2025-10-08
EMP226,2025-2026,508,477,20,11.6,91.6,4.43,77.7,82.9,96.4,61.2,82.9,Needs Improvement,Yes,No,2025-08-08
EMP227,2025-2026,377,362,20,36.7,84.5,3.6,95.4,62.2,92.9,66.7,81.4,Average,No,No,2026-03-19
EMP228,2025-2026,276,248,13,15.5,95.8,4.27,71.6,75.9,90.4,83.6,79.3,Average,Yes,No,2026-01-03
EMP229,2025-2026,97,52,11,33.0,93.7,3.55,88.2,90.1,91.5,91.7,87.0,Good,No,No,2025-09-23
EMP230,2025-2026,152,147,5,29.1,78.6,4.41,98.3,74.1,98.6,94.6,73.0,Average,Yes,Yes,2026-04-13
EMP231,2025-2026,156,131,3,14.2,76.7,4.37,73.7,63.9,85.5,66.7,75.7,Average,Yes,Yes,2025-11-04
EMP232,2025-2026,140,118,15,30.2,87.8,4.61,86.5,63.1,88.4,76.1,83.7,Average,Yes,Yes,2025-10-13
EMP233,2025-2026,455,437,11,8.1,85.8,4.38,92.3,63.1,95.6,94.5,66.8,Average,Yes,Yes,2025-10-26
EMP234,2025-2026,378,356,2,39.5,86.1,3.9,88.5,78.7,86.8,79.1,97.9,Needs Improvement,Yes,Yes,2025-09-18
EMP235,2025-2026,133,118,5,47.6,87.1,3.75,78.0,92.0,96.5,94.3,91.1,Good,No,No,2026-05-13
EMP236,2025-2026,374,356,13,34.0,85.4,4.88,80.8,72.2,99.3,86.4,90.5,Average,Yes,No,2025-11-06
EMP237,2025-2026,341,303,20,34.9,95.8,3.67,82.2,91.6,88.1,76.0,81.2,Outstanding,No,No,2026-06-15
EMP238,2025-2026,447,444,2,43.3,88.4,4.32,93.1,88.6,91.3,70.3,80.2,Outstanding,Yes,No,2026-03-17
EMP239,2025-2026,151,131,2,14.6,86.3,4.49,79.8,95.8,91.2,99.4,100.0,Excellent,No,No,2026-01-22
EMP240,2025-2026,179,161,11,41.5,93.7,4.72,89.4,66.1,88.0,92.1,87.0,Needs Improvement,Yes,No,2026-06-01
EMP241,2025-2026,462,447,18,13.9,95.4,4.92,95.0,80.9,97.7,98.5,98.7,Excellent,No,No,2025-11-22
EMP242,2025-2026,464,421,5,5.8,87.3,4.64,80.7,93.5,94.0,83.3,89.9,Average,Yes,Yes,2025-07-21
EMP243,2025-2026,422,390,10,30.2,99.4,3.58,72.5,74.3,94.4,81.5,97.1,Needs Improvement,No,No,2026-03-06
EMP244,2025-2026,513,489,19,13.8,98.4,4.43,86.6,87.3,95.5,68.8,92.5,Average,No,Yes,2025-08-01
EMP245,2025-2026,193,153,9,16.0,98.9,4.97,99.0,61.8,86.3,61.1,72.2,Average,Yes,No,2026-06-13
EMP246,2025-2026,135,107,15,35.4,84.8,3.72,83.9,93.8,86.9,92.9,67.0,Average,Yes,No,2026-06-30
EMP247,2025-2026,413,372,4,22.0,88.9,4.78,88.0,95.7,85.1,92.1,74.1,Good,Yes,Yes,2025-11-29
EMP248,2025-2026,327,310,6,40.4,83.6,4.72,83.2,72.8,91.3,63.3,98.4,Average,Yes,Yes,2025-08-10
EMP249,2025-2026,101,75,17,37.5,86.3,4.93,98.2,88.9,87.5,79.1,79.6,Needs Improvement,Yes,No,2026-06-24
EMP250,2025-2026,540,499,13,37.6,80.6,4.09,71.7,71.2,100.0,65.9,77.6,Excellent,Yes,Yes,2025-10-11
EMP251,2025-2026,331,322,8,7.6,81.9,4.14,85.0,62.1,94.5,67.5,95.0,Outstanding,Yes,Yes,2026-06-27
EMP252,2025-2026,286,256,1,7.9,99.8,4.64,98.4,99.7,87.2,80.4,94.1,Excellent,Yes,Yes,2025-12-30
EMP253,2025-2026,152,146,15,24.1,96.0,4.36,79.4,80.5,97.9,80.6,80.9,Average,No,No,2026-05-29
EMP254,2025-2026,316,281,1,7.4,82.7,3.93,85.4,97.8,90.6,92.0,77.3,Good,Yes,No,2026-05-24
EMP255,2025-2026,227,223,10,10.5,76.6,4.45,85.7,61.3,89.5,62.9,74.4,Average,Yes,Yes,2025-09-02
EMP256,2025-2026,446,436,13,46.6,79.9,4.91,86.8,70.4,93.8,61.7,93.1,Average,Yes,No,2025-11-08
EMP257,2025-2026,394,356,10,36.5,98.4,4.8,82.8,77.7,88.0,68.9,83.7,Average,Yes,Yes,2025-12-13
EMP258,2025-2026,279,252,14,22.0,97.9,3.94,83.0,83.5,87.8,65.3,87.4,Outstanding,Yes,No,2025-09-20
EMP259,2025-2026,357,354,0,3.1,98.8,4.51,92.6,85.8,93.6,92.3,88.8,Needs Improvement,Yes,No,2026-06-14
EMP260,2025-2026,259,219,4,24.3,86.6,3.85,98.4,73.6,99.8,96.1,88.9,Good,No,Yes,2025-09-23
EMP261,2025-2026,441,391,20,21.1,95.2,4.91,75.1,74.2,92.0,97.5,93.8,Needs Improvement,No,Yes,2025-10-03
EMP262,2025-2026,410,386,19,35.4,79.3,4.47,89.8,87.9,91.5,92.4,80.2,Good,No,No,2025-09-13
EMP263,2025-2026,73,58,3,22.9,91.0,3.56,76.6,70.4,92.9,63.5,93.8,Average,Yes,Yes,2025-09-02
EMP264,2025-2026,295,256,16,4.5,99.0,4.39,75.0,77.7,95.6,96.5,95.4,Excellent,No,Yes,2026-05-02
EMP265,2025-2026,400,375,18,10.4,90.3,5.0,70.6,70.5,91.3,73.5,80.3,Average,Yes,No,2025-09-21
EMP266,2025-2026,470,424,12,41.1,95.1,4.08,77.9,61.7,93.8,73.1,94.6,Outstanding,No,No,2026-02-09
EMP267,2025-2026,424,374,4,35.3,75.1,3.76,98.4,65.8,89.0,90.8,97.6,Outstanding,No,Yes,2025-08-23
EMP268,2025-2026,394,354,18,37.2,88.0,4.47,81.8,66.0,94.2,84.9,97.6,Outstanding,No,No,2026-05-01
EMP269,2025-2026,314,314,6,18.2,86.7,4.34,81.9,64.7,87.1,96.7,70.2,Needs Improvement,No,Yes,2026-04-22
EMP270,2025-2026,228,228,9,19.7,79.4,4.41,77.4,83.2,98.1,64.3,89.6,Needs Improvement,No,Yes,2026-06-19
EMP271,2025-2026,341,299,10,43.6,99.1,4.08,76.4,84.8,86.8,80.8,84.6,Needs Improvement,No,Yes,2025-07-29
EMP272,2025-2026,86,64,3,24.2,95.0,4.22,86.3,67.3,86.9,63.9,87.4,Outstanding,No,Yes,2026-03-11
EMP273,2025-2026,199,169,12,43.3,97.1,4.73,81.3,67.4,85.3,66.2,89.0,Average,Yes,Yes,2026-04-01
EMP274,2025-2026,190,162,4,38.6,97.6,4.76,81.3,82.7,90.9,73.7,93.3,Average,Yes,No,2025-11-10
EMP275,2025-2026,79,57,18,39.9,99.1,4.46,77.3,62.2,96.4,61.9,83.9,Needs Improvement,Yes,Yes,2026-03-18
EMP276,2025-2026,461,431,4,9.0,92.9,3.83,82.5,82.7,98.0,65.5,83.0,Good,No,Yes,2025-11-03
EMP277,2025-2026,411,379,20,11.7,96.1,4.76,94.5,93.9,95.8,81.0,97.2,Outstanding,No,No,2026-02-07
EMP278,2025-2026,319,269,13,42.4,97.1,3.72,98.2,90.7,93.3,81.8,69.1,Needs Improvement,No,Yes,2026-05-16
EMP279,2025-2026,323,313,12,28.2,85.4,4.63,87.9,61.7,99.9,61.4,83.5,Outstanding,Yes,Yes,2026-05-07
EMP280,2025-2026,190,159,10,27.8,94.7,4.29,95.8,75.3,97.3,95.3,71.7,Needs Improvement,No,Yes,2025-11-07
EMP281,2025-2026,464,430,12,17.2,83.9,3.95,71.1,86.6,94.0,77.7,80.8,Excellent,Yes,Yes,2025-10-11
EMP282,2025-2026,232,218,9,32.7,80.2,4.17,75.8,96.2,96.3,66.1,68.8,Outstanding,Yes,No,2026-06-22
EMP283,2025-2026,88,56,2,19.6,78.8,3.59,77.9,85.1,93.2,69.9,90.9,Excellent,Yes,No,2025-10-02
EMP284,2025-2026,265,240,15,37.2,78.2,4.7,97.2,81.9,92.8,65.6,98.5,Average,No,No,2025-12-28
EMP285,2025-2026,140,130,17,10.9,84.1,3.74,94.2,81.2,93.2,82.7,90.3,Average,No,Yes,2025-12-08
EMP286,2025-2026,183,143,2,39.8,93.6,3.77,74.2,83.9,93.5,77.2,78.9,Average,No,No,2025-11-19
EMP287,2025-2026,414,380,14,13.9,92.6,3.99,87.1,98.1,89.8,88.0,68.3,Outstanding,No,Yes,2026-01-20
EMP288,2025-2026,325,305,7,47.7,97.9,3.82,74.4,91.5,96.4,78.0,95.3,Excellent,No,No,2025-08-20
EMP289,2025-2026,247,209,5,19.5,77.0,4.68,83.5,87.6,88.5,96.7,85.2,Average,No,Yes,2025-12-26
EMP290,2025-2026,352,352,20,38.5,84.5,4.8,70.1,83.2,90.2,77.2,95.2,Average,No,Yes,2026-03-12
EMP291,2025-2026,352,341,20,28.2,99.0,4.61,78.2,75.5,97.3,93.0,96.0,Good,Yes,No,2026-05-15
EMP292,2025-2026,518,489,11,11.2,90.9,4.9,70.7,65.2,92.4,98.6,72.9,Needs Improvement,No,No,2026-01-04
EMP293,2025-2026,339,297,8,13.6,87.9,4.52,86.6,60.3,96.9,77.1,88.0,Outstanding,No,No,2025-10-01
EMP294,2025-2026,164,120,10,20.8,93.7,3.54,99.5,97.2,88.6,68.0,82.2,Needs Improvement,Yes,No,2025-10-20
EMP295,2025-2026,296,291,14,31.4,94.6,4.27,99.6,76.1,93.9,88.3,66.9,Outstanding,Yes,Yes,2025-09-16
EMP296,2025-2026,108,99,13,19.4,80.0,4.19,74.7,90.3,86.3,81.2,76.0,Needs Improvement,Yes,Yes,2025-08-31
EMP297,2025-2026,414,405,9,6.0,94.3,3.57,89.4,75.2,92.3,75.2,85.9,Outstanding,No,Yes,2025-10-29
EMP298,2025-2026,336,317,7,18.4,94.4,4.67,92.2,77.4,88.0,91.4,77.5,Outstanding,Yes,No,2025-11-26
EMP299,2025-2026,193,193,0,46.3,99.8,3.93,93.2,71.2,95.7,70.3,88.3,Average,No,Yes,2026-06-19
EMP300,2025-2026,190,168,13,37.2,99.5,4.43,78.2,85.0,93.7,76.4,69.2,Needs Improvement,Yes,No,2026-04-11
EMP301,2025-2026,190,171,11,38.1,86.8,4.53,82.0,84.2,93.3,92.2,96.1,Average,No,No,2026-06-11
EMP302,2025-2026,434,399,20,45.5,75.3,4.51,95.2,94.0,93.4,95.7,87.8,Outstanding,No,Yes,2026-01-04
EMP303,2025-2026,478,454,19,38.9,80.2,4.32,99.5,83.5,95.1,95.5,79.0,Outstanding,No,No,2025-09-17
EMP304,2025-2026,356,355,3,38.0,79.9,5.0,77.4,70.3,93.8,87.9,73.1,Excellent,No,No,2026-02-02
EMP305,2025-2026,175,135,9,43.6,82.8,4.56,95.5,96.8,98.4,86.6,88.4,Good,Yes,Yes,2026-03-20
EMP306,2025-2026,433,394,0,28.1,98.7,4.94,91.3,99.3,92.4,93.1,89.1,Average,No,Yes,2026-07-07
EMP307,2025-2026,375,325,5,17.1,79.1,4.42,72.9,69.7,91.7,77.8,82.9,Outstanding,No,Yes,2025-10-01
EMP308,2025-2026,125,116,2,26.7,76.1,4.17,86.9,81.3,91.2,62.7,99.8,Needs Improvement,Yes,No,2026-04-14
EMP309,2025-2026,368,349,7,45.3,85.1,4.5,98.3,92.8,93.7,70.0,76.4,Excellent,No,Yes,2026-06-25
EMP310,2025-2026,504,478,2,19.7,97.2,3.96,99.1,67.2,85.9,84.2,96.3,Average,No,No,2025-11-29
EMP311,2025-2026,116,84,9,34.6,95.2,3.63,70.7,78.7,97.5,76.2,81.0,Outstanding,Yes,No,2026-01-15
EMP312,2025-2026,323,301,15,14.4,99.4,4.78,85.1,80.7,89.4,94.5,95.5,Needs Improvement,No,Yes,2025-08-17
EMP313,2025-2026,351,331,9,24.7,89.8,4.11,71.8,68.3,95.5,92.8,89.5,Good,Yes,No,2026-03-11
EMP314,2025-2026,203,186,2,8.7,90.5,4.42,75.7,64.2,95.4,82.2,87.6,Needs Improvement,No,No,2025-07-29
EMP315,2025-2026,464,440,5,31.9,92.7,4.64,71.9,95.4,94.3,99.9,80.9,Average,Yes,No,2026-04-20
EMP316,2025-2026,417,386,6,47.7,93.2,3.68,78.2,73.2,89.9,89.3,92.2,Average,No,Yes,2026-04-11
EMP317,2025-2026,62,55,8,38.3,95.0,3.78,73.9,90.9,88.0,65.5,75.7,Good,Yes,Yes,2026-05-09
EMP318,2025-2026,173,149,16,24.9,89.5,4.08,79.6,90.2,86.1,88.3,74.1,Needs Improvement,No,No,2026-05-14
EMP319,2025-2026,293,277,6,47.5,86.9,4.08,80.8,97.6,98.8,61.3,84.2,Outstanding,Yes,Yes,2025-08-03
EMP320,2025-2026,475,427,1,30.5,83.7,4.33,85.7,62.3,99.5,93.1,76.7,Average,No,No,2026-05-25
EMP321,2025-2026,411,373,14,9.9,97.5,4.4,86.4,92.4,92.8,85.7,84.3,Average,Yes,Yes,2026-03-24
EMP322,2025-2026,261,222,11,10.1,95.5,4.55,82.2,92.5,87.2,79.5,68.8,Outstanding,No,Yes,2026-06-20
EMP323,2025-2026,297,288,0,21.8,91.8,3.52,75.6,86.5,88.3,85.7,96.3,Excellent,Yes,Yes,2026-06-03
EMP324,2025-2026,189,156,15,6.3,97.3,4.98,84.8,97.0,91.3,80.0,84.1,Excellent,No,No,2025-12-31
EMP325,2025-2026,352,315,13,38.0,75.1,4.49,70.8,72.3,88.5,62.5,70.4,Outstanding,Yes,Yes,2026-05-18
EMP326,2025-2026,480,454,18,46.2,84.9,3.56,74.5,62.9,90.3,81.1,77.3,Excellent,No,Yes,2025-09-20
EMP327,2025-2026,75,58,16,43.9,93.0,4.59,93.5,64.0,95.5,88.3,72.6,Average,No,No,2026-06-28
EMP328,2025-2026,127,92,20,36.7,85.5,4.44,79.4,96.4,98.5,61.2,72.3,Excellent,No,Yes,2026-03-13
EMP329,2025-2026,102,59,1,21.0,94.8,4.74,82.7,80.5,88.4,90.5,82.3,Outstanding,Yes,No,2026-05-02
EMP330,2025-2026,291,276,18,20.1,79.1,4.34,92.6,99.8,96.3,88.8,66.9,Needs Improvement,No,Yes,2026-01-24
EMP331,2025-2026,229,191,10,2.9,75.6,4.63,73.1,90.9,87.3,77.3,85.5,Excellent,No,Yes,2026-02-03
EMP332,2025-2026,444,438,9,16.9,89.4,4.59,83.7,84.9,97.3,77.3,82.2,Average,Yes,No,2025-10-05
EMP333,2025-2026,375,373,11,34.5,97.5,4.88,76.6,70.6,90.2,83.7,69.6,Excellent,No,Yes,2026-04-28
EMP334,2025-2026,183,178,14,12.7,83.2,4.3,72.5,60.4,97.8,96.2,76.3,Needs Improvement,No,Yes,2026-01-17
EMP335,2025-2026,508,475,1,36.9,97.4,4.28,82.7,70.1,97.9,75.3,98.6,Outstanding,Yes,No,2025-09-28
EMP336,2025-2026,408,374,13,23.2,86.6,4.53,93.4,66.5,90.2,66.5,69.6,Outstanding,Yes,No,2026-04-11
EMP337,2025-2026,301,262,5,14.8,98.4,4.9,80.8,87.0,87.4,63.4,84.3,Needs Improvement,Yes,Yes,2026-02-06
EMP338,2025-2026,254,224,11,9.8,95.3,4.96,83.2,75.7,92.8,92.0,98.7,Outstanding,No,No,2025-12-12
EMP339,2025-2026,210,168,18,24.4,97.9,4.25,84.9,97.3,94.6,63.4,69.2,Good,Yes,Yes,2026-04-30
EMP340,2025-2026,428,419,11,23.1,93.8,3.94,75.0,77.2,87.3,82.3,75.2,Outstanding,Yes,Yes,2025-12-10
EMP341,2025-2026,371,338,3,38.6,94.4,4.4,88.6,66.3,97.7,60.7,97.9,Outstanding,No,Yes,2026-03-14
EMP342,2025-2026,517,492,0,17.2,99.4,4.71,72.6,93.5,92.4,94.6,70.9,Outstanding,Yes,No,2026-01-23
EMP343,2025-2026,481,437,8,29.2,95.8,4.73,90.0,80.6,89.1,65.8,79.0,Average,No,Yes,2025-11-19
EMP344,2025-2026,403,363,4,4.6,82.5,3.65,93.3,88.4,90.5,88.1,78.5,Outstanding,No,No,2025-11-15
EMP345,2025-2026,415,400,18,31.7,84.7,3.8,87.3,73.7,90.9,88.2,98.7,Average,Yes,Yes,2026-02-09
EMP346,2025-2026,108,74,17,26.0,81.0,4.47,92.5,65.6,92.2,98.2,99.2,Excellent,No,No,2025-09-14
EMP347,2025-2026,416,394,12,21.4,76.1,3.65,75.7,64.5,85.5,65.8,78.6,Outstanding,No,No,2025-09-10
EMP348,2025-2026,344,305,7,46.1,98.3,4.31,89.7,64.7,91.9,85.7,90.1,Excellent,Yes,Yes,2025-11-01
EMP349,2025-2026,233,229,15,9.9,99.5,4.65,98.8,64.6,90.3,69.8,88.7,Needs Improvement,Yes,Yes,2026-03-26
EMP350,2025-2026,275,258,18,17.2,90.7,3.86,81.7,60.6,98.3,74.2,76.2,Outstanding,Yes,Yes,2025-09-15
EMP351,2025-2026,207,166,14,42.8,82.3,4.78,94.8,77.8,87.5,69.3,68.1,Outstanding,Yes,No,2026-04-16
EMP352,2025-2026,290,247,9,40.5,76.0,4.7,98.4,83.5,88.3,74.5,69.8,Excellent,No,Yes,2025-11-05
EMP353,2025-2026,463,427,3,25.2,76.7,4.83,96.8,95.7,87.8,69.6,67.0,Excellent,Yes,No,2026-06-19
EMP354,2025-2026,172,123,16,10.8,91.8,4.73,71.1,60.9,85.4,96.2,77.1,Needs Improvement,No,Yes,2025-08-17
EMP355,2025-2026,157,126,6,10.9,94.7,4.62,96.7,80.6,92.5,89.9,89.5,Needs Improvement,Yes,Yes,2026-05-16
EMP356,2025-2026,323,274,4,35.6,84.3,4.33,88.3,99.0,94.5,84.1,99.3,Needs Improvement,No,Yes,2026-05-06
EMP357,2025-2026,226,224,1,26.0,78.2,3.78,90.7,81.1,93.1,70.9,84.1,Outstanding,Yes,No,2026-05-08
EMP358,2025-2026,272,250,11,14.6,92.6,4.31,77.9,77.7,86.0,87.4,88.7,Excellent,Yes,No,2026-02-24
EMP359,2025-2026,141,129,16,33.0,95.4,4.34,92.5,81.7,98.4,65.9,75.4,Excellent,No,Yes,2025-10-25
EMP360,2025-2026,277,277,17,47.5,82.9,4.62,83.9,98.1,85.4,86.9,66.6,Excellent,No,No,2026-06-24
EMP361,2025-2026,235,222,4,28.1,88.7,4.98,100.0,84.3,97.7,95.9,89.1,Outstanding,Yes,Yes,2025-09-28
EMP362,2025-2026,171,133,13,19.7,77.6,3.56,76.9,99.2,94.5,74.9,86.7,Needs Improvement,No,Yes,2026-03-23
EMP363,2025-2026,351,343,17,20.2,99.8,3.52,85.5,63.4,92.3,87.7,69.4,Average,No,No,2025-12-04
EMP364,2025-2026,208,159,7,6.5,92.1,3.82,92.0,96.7,97.7,60.6,87.4,Excellent,No,No,2025-08-03
EMP365,2025-2026,517,475,1,28.7,75.7,3.58,99.8,63.6,91.3,94.2,88.4,Outstanding,Yes,Yes,2025-12-07
EMP366,2025-2026,482,477,2,44.8,80.6,4.06,84.5,91.4,86.8,67.0,78.6,Average,No,No,2025-11-02
EMP367,2025-2026,340,332,12,7.7,79.0,4.15,95.8,62.3,92.4,88.0,86.6,Excellent,No,No,2026-04-23
EMP368,2025-2026,324,276,9,16.2,86.0,4.25,80.7,69.0,97.4,99.0,80.0,Excellent,Yes,No,2025-09-22
EMP369,2025-2026,284,234,11,31.3,99.6,4.27,94.6,89.4,85.3,65.0,75.6,Outstanding,No,Yes,2026-05-07
EMP370,2025-2026,504,479,2,15.3,88.6,4.78,79.8,74.3,97.4,89.4,65.4,Excellent,Yes,Yes,2025-07-20
EMP371,2025-2026,485,480,5,22.2,99.2,3.58,85.5,84.0,86.7,78.5,93.4,Good,Yes,Yes,2025-08-09
EMP372,2025-2026,492,463,12,8.7,86.5,4.41,77.6,82.7,88.6,87.1,83.8,Average,Yes,No,2026-02-21
EMP373,2025-2026,314,269,8,43.1,90.3,4.14,71.4,83.2,90.2,83.0,75.0,Good,No,Yes,2026-06-14
EMP374,2025-2026,89,66,1,33.7,83.6,4.56,92.8,82.9,97.4,74.6,97.2,Good,No,No,2026-02-19
EMP375,2025-2026,205,189,20,13.1,90.1,4.89,95.8,81.6,98.7,67.9,77.8,Excellent,Yes,No,2025-09-06
EMP376,2025-2026,124,113,6,25.6,96.2,3.64,85.3,80.3,86.5,75.2,95.4,Needs Improvement,Yes,Yes,2026-06-07
EMP377,2025-2026,117,89,13,44.5,80.6,4.48,89.5,90.0,89.4,77.4,90.9,Outstanding,No,No,2026-03-12
EMP378,2025-2026,198,189,12,19.9,79.0,3.81,79.3,70.6,90.8,66.1,88.4,Average,No,Yes,2025-07-11
EMP379,2025-2026,267,247,6,24.6,77.6,3.65,91.3,61.8,86.0,64.9,99.4,Outstanding,No,Yes,2025-08-26
EMP380,2025-2026,453,453,3,28.4,86.9,4.14,75.2,88.8,86.8,93.8,78.0,Average,Yes,No,2025-11-28
EMP381,2025-2026,465,435,17,4.9,92.9,3.72,73.6,88.1,86.0,68.4,92.2,Needs Improvement,No,No,2026-01-19
EMP382,2025-2026,108,68,10,20.0,82.2,4.43,80.5,69.7,93.3,73.7,96.1,Excellent,Yes,Yes,2026-02-01
EMP383,2025-2026,153,105,1,3.9,96.0,3.61,93.9,76.0,95.4,70.6,84.5,Outstanding,Yes,No,2026-05-11
EMP384,2025-2026,261,227,8,12.7,95.2,3.93,86.1,69.1,94.7,87.9,93.9,Excellent,Yes,No,2026-02-18
EMP385,2025-2026,465,447,6,15.1,90.1,4.11,77.9,64.4,88.0,98.9,75.0,Outstanding,Yes,Yes,2026-06-24
EMP386,2025-2026,420,404,20,23.3,82.0,3.83,88.6,60.0,89.2,96.4,67.6,Needs Improvement,No,Yes,2025-12-04
EMP387,2025-2026,503,479,5,29.0,96.1,4.47,84.8,84.5,85.7,91.6,77.9,Outstanding,No,No,2025-11-09
EMP388,2025-2026,525,479,18,34.5,88.3,4.75,73.5,92.6,93.1,83.7,71.7,Needs Improvement,Yes,No,2026-03-07
EMP389,2025-2026,266,242,17,32.2,83.2,4.4,77.9,76.3,96.7,95.7,88.8,Good,Yes,Yes,2026-06-03
EMP390,2025-2026,113,67,3,7.9,97.5,3.83,88.9,87.4,88.1,80.1,82.1,Outstanding,Yes,Yes,2025-12-13
EMP391,2025-2026,467,420,9,5.5,87.6,3.84,77.2,94.5,88.0,88.2,86.6,Needs Improvement,No,Yes,2025-07-26
EMP392,2025-2026,228,223,12,5.9,84.0,4.65,90.6,64.6,89.9,90.4,93.9,Outstanding,Yes,No,2025-11-24
EMP393,2025-2026,403,377,16,14.0,80.4,3.91,79.9,81.7,98.3,99.6,95.0,Excellent,Yes,No,2025-09-21
EMP394,2025-2026,106,91,18,28.4,95.5,4.43,94.5,97.5,90.4,82.6,89.9,Outstanding,No,Yes,2026-06-02
EMP395,2025-2026,247,213,1,41.2,96.4,3.76,74.6,81.8,90.6,90.6,67.3,Average,No,Yes,2025-11-06
EMP396,2025-2026,117,85,18,44.9,90.2,4.71,88.9,60.3,89.8,69.4,82.7,Outstanding,Yes,No,2025-12-22
EMP397,2025-2026,406,374,16,20.7,78.0,4.01,86.3,75.7,96.5,70.5,100.0,Needs Improvement,Yes,No,2026-02-20
EMP398,2025-2026,247,247,14,8.5,76.4,3.54,70.9,60.4,89.4,93.1,78.2,Average,No,Yes,2025-07-29
EMP399,2025-2026,535,496,20,32.8,86.0,3.89,85.4,68.4,95.5,74.4,65.6,Outstanding,No,No,2025-08-10
EMP400,2025-2026,459,410,6,40.9,97.6,4.66,74.1,62.2,94.1,99.5,72.3,Good,Yes,No,2026-01-14
EMP401,2025-2026,403,382,17,37.1,86.9,3.66,97.5,67.1,86.7,60.0,95.4,Average,No,No,2025-10-09
EMP402,2025-2026,214,173,7,34.4,89.2,4.48,81.2,65.4,87.3,67.8,67.4,Outstanding,Yes,Yes,2025-07-31
EMP403,2025-2026,317,269,4,26.2,76.6,4.66,86.0,98.7,96.4,85.2,73.0,Excellent,No,Yes,2026-04-07
EMP404,2025-2026,275,247,4,16.0,76.4,4.56,73.5,89.6,91.8,97.6,80.2,Average,No,Yes,2026-04-04
EMP405,2025-2026,171,155,18,3.8,84.1,3.62,87.6,94.4,87.3,67.4,97.4,Outstanding,Yes,No,2026-02-18
EMP406,2025-2026,237,193,1,8.6,76.1,4.65,76.6,66.5,94.1,66.3,83.7,Good,No,Yes,2025-08-25
EMP407,2025-2026,224,206,17,40.8,95.2,4.67,96.3,87.5,93.1,92.0,97.0,Average,No,Yes,2026-05-03
EMP408,2025-2026,83,58,0,18.6,84.8,4.67,70.6,64.1,88.4,97.5,98.2,Good,No,No,2026-07-08
EMP409,2025-2026,527,499,9,15.6,95.4,5.0,75.4,76.6,96.6,66.7,96.6,Outstanding,No,Yes,2025-08-18
EMP410,2025-2026,452,422,5,12.6,88.2,4.58,91.0,95.9,88.0,72.9,84.1,Needs Improvement,No,Yes,2026-03-15
EMP411,2025-2026,487,437,11,7.8,90.4,4.59,84.1,95.5,86.9,66.1,90.0,Excellent,Yes,Yes,2025-07-27
EMP412,2025-2026,79,63,7,36.3,77.1,3.97,96.6,60.9,98.2,74.1,92.4,Needs Improvement,Yes,Yes,2025-08-18
EMP413,2025-2026,222,190,1,40.7,98.4,4.29,80.2,67.3,98.4,77.7,76.3,Excellent,Yes,No,2025-11-07
EMP414,2025-2026,216,171,13,5.5,94.2,3.98,95.0,91.6,88.1,68.5,80.0,Average,Yes,No,2026-06-27
EMP415,2025-2026,467,457,9,21.4,99.9,4.98,99.4,85.9,92.8,81.7,75.0,Outstanding,No,Yes,2025-12-23
EMP416,2025-2026,157,150,13,19.4,94.3,4.25,87.5,79.4,91.1,93.4,80.7,Excellent,Yes,No,2026-01-22
EMP417,2025-2026,279,229,2,34.9,93.3,3.62,91.7,84.0,96.0,82.1,84.4,Needs Improvement,No,Yes,2026-05-29
EMP418,2025-2026,438,437,17,15.5,92.6,4.32,77.1,93.4,100.0,71.4,98.9,Outstanding,No,Yes,2025-11-29
EMP419,2025-2026,302,253,12,2.2,80.5,4.08,89.4,88.0,96.1,64.7,76.7,Average,Yes,No,2025-10-22
EMP420,2025-2026,371,353,0,13.5,90.4,3.83,81.5,87.5,92.3,90.0,81.5,Good,Yes,Yes,2025-08-07
EMP421,2025-2026,373,351,4,44.4,98.1,4.58,71.2,76.2,92.5,76.3,97.5,Excellent,Yes,No,2025-10-02
EMP422,2025-2026,212,209,20,43.1,81.1,4.53,73.3,86.0,93.7,63.8,78.1,Needs Improvement,No,No,2026-02-18
EMP423,2025-2026,254,232,16,42.4,79.7,3.62,99.6,75.6,96.4,97.7,84.4,Outstanding,Yes,Yes,2026-05-28
EMP424,2025-2026,230,186,13,14.3,84.2,3.62,84.0,80.9,89.4,67.4,92.6,Good,Yes,No,2026-07-05
EMP425,2025-2026,148,101,20,34.9,77.2,3.62,93.2,67.5,96.2,80.9,84.8,Excellent,No,Yes,2025-10-12
EMP426,2025-2026,136,92,10,45.1,86.9,4.11,96.3,64.9,95.6,75.4,85.5,Needs Improvement,No,No,2026-03-10
EMP427,2025-2026,69,69,8,22.2,85.7,3.96,73.7,92.6,94.4,85.2,69.1,Average,Yes,No,2025-11-03
EMP428,2025-2026,285,243,12,21.8,81.3,4.93,98.9,77.2,85.9,96.1,92.9,Outstanding,No,Yes,2026-01-29
EMP429,2025-2026,376,376,3,8.2,91.9,3.84,89.2,68.9,92.2,68.2,84.2,Excellent,No,No,2025-07-14
EMP430,2025-2026,249,234,20,20.2,90.1,4.03,76.3,64.9,86.2,63.1,82.2,Good,No,Yes,2026-06-14
EMP431,2025-2026,112,107,5,8.1,77.4,3.97,82.1,83.8,97.5,74.1,82.0,Excellent,No,Yes,2026-04-20
EMP432,2025-2026,429,395,10,42.5,92.9,3.71,77.2,77.7,93.8,91.5,86.1,Average,No,Yes,2026-04-12
EMP433,2025-2026,356,310,13,19.3,96.4,4.89,74.3,96.8,89.4,71.7,86.4,Average,Yes,Yes,2026-02-27
EMP434,2025-2026,429,383,13,12.2,80.6,4.5,95.9,90.4,86.8,74.3,71.0,Outstanding,No,Yes,2025-11-25
EMP435,2025-2026,168,157,1,11.8,97.0,4.21,70.5,91.0,96.9,97.6,85.6,Outstanding,No,Yes,2026-05-12
EMP436,2025-2026,211,167,12,27.9,81.0,4.65,90.2,99.0,96.7,69.2,71.7,Excellent,Yes,No,2026-01-10
EMP437,2025-2026,522,495,3,10.8,80.9,4.64,95.8,70.4,89.1,65.4,82.8,Good,Yes,Yes,2026-03-08
EMP438,2025-2026,225,214,3,35.4,97.5,3.56,93.2,62.6,87.9,65.4,91.7,Needs Improvement,Yes,No,2025-10-16
EMP439,2025-2026,117,74,12,37.8,84.2,3.61,92.4,73.5,98.6,80.9,81.4,Average,Yes,No,2025-09-14
EMP440,2025-2026,457,447,8,12.1,82.8,4.8,77.9,90.1,92.8,82.9,68.4,Good,Yes,No,2026-03-28
EMP441,2025-2026,183,163,5,5.8,85.2,3.72,89.4,89.7,98.7,99.8,65.4,Good,Yes,Yes,2025-11-01
EMP442,2025-2026,102,95,9,42.9,99.9,4.42,80.0,70.8,93.1,85.9,73.4,Outstanding,Yes,No,2025-07-25
EMP443,2025-2026,409,384,16,46.6,85.3,4.08,99.4,67.5,99.7,67.3,72.1,Excellent,No,Yes,2025-10-26
EMP444,2025-2026,502,463,8,5.2,98.0,3.51,99.9,79.2,95.9,88.6,91.1,Outstanding,Yes,Yes,2025-12-10
EMP445,2025-2026,261,231,3,32.0,84.1,3.57,85.4,88.1,93.3,91.3,89.6,Average,Yes,No,2025-09-16
EMP446,2025-2026,428,378,10,23.8,93.4,3.64,90.6,77.8,88.0,62.3,98.9,Good,Yes,Yes,2025-08-29
EMP447,2025-2026,436,415,14,44.8,81.2,3.52,78.2,70.5,98.9,75.3,70.3,Outstanding,No,Yes,2026-03-27
EMP448,2025-2026,413,399,16,33.7,81.8,4.18,82.3,68.9,96.2,65.7,76.6,Outstanding,No,No,2025-12-25
EMP449,2025-2026,122,102,18,16.6,80.8,4.51,77.6,89.9,99.4,89.5,70.8,Needs Improvement,No,Yes,2026-01-09
EMP450,2025-2026,144,122,18,30.7,92.3,4.5,76.3,75.4,89.8,87.5,78.0,Good,Yes,Yes,2026-03-28
EMP451,2025-2026,195,171,10,41.5,87.0,4.25,72.4,80.4,85.4,78.5,73.7,Needs Improvement,Yes,Yes,2025-07-26
EMP452,2025-2026,346,296,19,33.5,78.9,4.1,88.4,71.4,91.5,84.3,66.5,Outstanding,Yes,Yes,2026-01-13
EMP453,2025-2026,505,491,6,9.7,91.0,4.49,80.6,74.4,88.4,67.9,76.6,Good,Yes,No,2026-07-04
EMP454,2025-2026,329,283,3,6.2,95.5,4.54,96.3,78.6,95.2,83.5,82.7,Excellent,No,No,2025-10-18
EMP455,2025-2026,235,217,0,31.4,90.2,4.89,77.3,99.8,86.4,70.6,78.3,Outstanding,No,Yes,2026-03-22
EMP456,2025-2026,166,139,5,18.6,80.2,4.06,89.2,77.3,93.8,81.3,94.3,Outstanding,No,No,2025-09-12
EMP457,2025-2026,243,197,4,19.8,95.3,4.42,79.0,88.9,95.3,90.2,71.7,Excellent,Yes,Yes,2025-11-24
EMP458,2025-2026,175,175,8,27.7,86.7,4.66,76.7,98.6,97.1,92.3,72.3,Needs Improvement,Yes,No,2025-12-20
EMP459,2025-2026,417,384,8,13.3,89.4,4.4,99.6,67.2,98.5,74.7,92.1,Outstanding,No,No,2025-09-26
EMP460,2025-2026,167,135,1,41.4,79.6,3.54,70.0,60.8,96.3,77.4,82.4,Needs Improvement,Yes,No,2025-10-04
EMP461,2025-2026,397,375,19,23.8,92.2,3.8,99.5,68.4,98.2,64.5,95.4,Needs Improvement,No,Yes,2025-11-07
EMP462,2025-2026,242,238,2,19.8,85.6,3.5,86.6,69.6,93.0,61.4,83.5,Excellent,Yes,No,2025-12-29
EMP463,2025-2026,346,333,0,28.6,78.5,3.81,72.2,93.3,85.8,74.0,97.9,Outstanding,Yes,Yes,2025-11-28
EMP464,2025-2026,383,351,9,38.9,83.7,4.91,88.5,67.0,87.9,99.6,70.6,Average,Yes,No,2026-01-06
EMP465,2025-2026,177,130,16,32.2,78.3,4.07,87.7,82.7,95.0,90.6,73.2,Excellent,No,Yes,2025-10-08
EMP466,2025-2026,220,205,6,31.4,85.0,3.95,74.7,91.9,88.1,72.4,65.2,Excellent,Yes,Yes,2026-01-23
EMP467,2025-2026,301,269,18,30.8,99.5,3.85,93.3,80.7,95.9,70.9,98.1,Good,Yes,Yes,2026-04-15
EMP468,2025-2026,386,347,4,9.0,99.4,3.93,99.5,98.2,89.8,67.4,75.9,Average,Yes,No,2025-12-28
EMP469,2025-2026,217,180,20,39.4,97.0,3.66,99.0,73.4,87.8,68.5,88.7,Excellent,No,Yes,2025-11-17
EMP470,2025-2026,399,396,12,8.7,77.0,3.95,79.1,75.9,98.2,78.3,95.8,Good,No,Yes,2026-05-05
EMP471,2025-2026,392,390,7,43.7,96.5,3.54,99.5,85.6,96.9,65.2,94.2,Needs Improvement,Yes,Yes,2026-02-23
EMP472,2025-2026,201,178,0,26.9,99.4,4.17,85.3,99.5,96.5,64.8,74.1,Needs Improvement,Yes,No,2026-01-06
EMP473,2025-2026,489,445,0,36.0,95.0,4.02,91.1,69.5,91.9,95.7,84.3,Average,No,Yes,2025-10-30
EMP474,2025-2026,230,230,0,25.7,79.0,4.27,74.6,80.4,96.1,84.8,67.5,Needs Improvement,Yes,No,2026-06-24
EMP475,2025-2026,129,106,8,38.9,96.0,4.98,75.8,83.1,94.2,69.3,79.8,Excellent,Yes,No,2025-08-20
EMP476,2025-2026,498,469,20,31.8,75.4,4.98,95.6,80.4,87.9,98.0,73.5,Good,Yes,Yes,2026-06-11
EMP477,2025-2026,412,387,10,5.0,82.2,4.86,91.7,88.5,93.1,94.7,99.0,Average,Yes,No,2025-10-28
EMP478,2025-2026,382,350,15,35.2,79.5,4.16,95.8,74.0,90.2,72.6,86.9,Good,No,No,2026-06-09
EMP479,2025-2026,94,60,3,6.2,85.4,4.13,91.8,70.2,97.2,73.3,65.6,Excellent,Yes,No,2025-07-25
EMP480,2025-2026,519,491,20,25.8,96.3,4.63,94.6,93.7,85.1,92.5,99.6,Needs Improvement,Yes,Yes,2026-03-19
EMP481,2025-2026,290,283,5,15.5,91.8,4.98,88.9,73.3,94.7,74.1,77.6,Excellent,Yes,Yes,2025-12-30
EMP482,2025-2026,230,207,19,17.5,90.2,3.88,84.0,85.5,92.4,83.5,67.5,Good,No,No,2026-02-18
EMP483,2025-2026,346,343,1,42.5,77.1,4.82,82.1,99.2,94.7,82.8,86.8,Average,No,Yes,2025-08-09
EMP484,2025-2026,174,164,4,15.4,80.6,3.76,83.9,63.6,95.0,82.2,70.5,Outstanding,Yes,No,2025-11-23
EMP485,2025-2026,56,55,5,12.5,87.8,3.93,99.4,91.6,87.4,95.2,99.3,Needs Improvement,No,Yes,2025-11-19
EMP486,2025-2026,249,213,20,3.0,93.9,3.95,89.5,62.4,94.8,79.6,70.7,Good,Yes,Yes,2026-01-29
EMP487,2025-2026,326,305,13,44.8,77.1,3.55,78.3,96.4,92.7,74.3,75.1,Excellent,Yes,No,2026-03-29
EMP488,2025-2026,88,60,19,9.8,86.0,4.23,71.8,60.0,87.4,78.1,88.7,Good,No,No,2026-06-21
EMP489,2025-2026,175,133,3,35.3,90.1,4.63,75.7,65.7,92.9,88.3,81.0,Outstanding,No,No,2025-10-23
EMP490,2025-2026,235,205,3,3.2,85.0,3.69,83.8,94.8,93.7,79.7,69.7,Good,Yes,No,2025-07-25
EMP491,2025-2026,537,488,15,46.8,89.7,4.41,81.3,91.4,97.3,96.5,95.9,Outstanding,No,No,2025-09-13
EMP492,2025-2026,115,109,9,42.3,80.0,4.65,76.7,78.8,95.1,82.1,98.9,Average,Yes,No,2026-06-09
EMP493,2025-2026,334,318,11,21.5,89.4,3.91,73.9,97.1,91.7,63.4,73.9,Average,Yes,Yes,2026-01-26
EMP494,2025-2026,230,215,14,4.8,88.7,3.88,94.8,71.9,92.1,83.7,76.1,Needs Improvement,Yes,No,2026-03-10
EMP495,2025-2026,237,209,15,10.2,94.5,4.25,76.7,99.9,94.6,66.0,95.6,Needs Improvement,No,Yes,2026-07-08
EMP496,2025-2026,223,187,15,26.1,92.0,3.84,83.2,86.6,99.0,96.5,87.1,Excellent,Yes,Yes,2026-04-25
EMP497,2025-2026,493,449,16,40.9,82.3,4.49,90.6,72.4,99.3,80.9,80.3,Good,No,Yes,2026-02-09
EMP498,2025-2026,484,442,14,37.9,81.1,4.0,95.0,71.9,93.0,88.1,84.1,Average,Yes,Yes,2026-04-19
EMP499,2025-2026,344,309,2,18.9,82.5,3.78,82.0,63.4,98.9,88.5,71.9,Good,Yes,No,2025-09-08
EMP500,2025-2026,163,147,20,24.0,86.9,4.04,71.6,77.4,97.1,96.8,90.1,Excellent,Yes,Yes,2026-05-05
